{"cameraMode":{"drawMode":0,"name":"Shaded","section":"Shading Mode"},"sceneLighting":false,"audioPlay":false,"sceneViewState":{"showFog":true,"showMaterialUpdate":false,"showSkybox":false,"showFlares":true,"showImageEffects":true,"showParticleSystems":true},"in2DMode":false,"pivot":{"x":0.23033857345581056,"y":0.88551265001297,"z":0.02597096562385559},"rotation":{"x":-0.11727923154830933,"y":0.704035222530365,"z":-0.11962480843067169,"w":-0.6902213096618652},"size":1.607107162475586,"orthographic":false}