{"cameraMode":{"drawMode":0,"name":"Shaded","section":"Shading Mode"},"sceneLighting":false,"audioPlay":false,"sceneViewState":{"showFog":true,"showMaterialUpdate":false,"showSkybox":false,"showFlares":true,"showImageEffects":true,"showParticleSystems":true},"in2DMode":false,"pivot":{"x":-37.153404235839847,"y":1.057119369506836,"z":0.010372281074523926},"rotation":{"x":-0.25347018241882326,"y":0.5902706384658814,"z":-0.202379047870636,"w":-0.7392525672912598},"size":1.8077861070632935,"orthographic":false}