{"cameraMode":{"drawMode":0,"name":"Shaded","section":"Shading Mode"},"sceneLighting":false,"audioPlay":false,"sceneViewState":{"showFog":true,"showMaterialUpdate":false,"showSkybox":false,"showFlares":true,"showImageEffects":true,"showParticleSystems":true},"in2DMode":false,"pivot":{"x":-3.655251979827881,"y":0.14068233966827393,"z":0.10734942555427551},"rotation":{"x":-0.1117754802107811,"y":0.5548319816589356,"z":-0.07552612572908402,"w":-0.8209971785545349},"size":0.4566396474838257,"orthographic":false}