{"cameraMode":{"drawMode":0,"name":"Shaded","section":"Shading Mode"},"sceneLighting":false,"audioPlay":false,"sceneViewState":{"showFog":true,"showMaterialUpdate":false,"showSkybox":false,"showFlares":true,"showImageEffects":true,"showParticleSystems":true},"in2DMode":false,"pivot":{"x":-0.004329249262809753,"y":0.1104724109172821,"z":0.032935731112957},"rotation":{"x":-0.0243541169911623,"y":0.6826217174530029,"z":-0.022714080289006234,"w":-0.7300955057144165},"size":0.37071067094802859,"orthographic":false}