{"cameraMode":{"drawMode":0,"name":"Shaded","section":"Shading Mode"},"sceneLighting":false,"audioPlay":false,"sceneViewState":{"showFog":true,"showMaterialUpdate":false,"showSkybox":false,"showFlares":true,"showImageEffects":true,"showParticleSystems":true},"in2DMode":false,"pivot":{"x":0.006084557622671127,"y":0.069841668009758,"z":-0.000038936734199523926},"rotation":{"x":0.004204610828310251,"y":0.7456254363059998,"z":-0.004704801365733147,"w":0.6663358807563782},"size":0.10857098549604416,"orthographic":false}